id,category_id,title_ja,slug,created_at,reviewed
1,1,OSSをはじめてみた話,starting-with-oss,2017-07-17 11:54:58,false
12,2,.bashrcにgitのショートカットコマンドをつくった,create-git-shortcut-bashrc,2017-09-26 20:48:49,false
13,3,Ansibleでcronを設定,configure-cron-with-ansible,2017-09-26 20:49:51,false
14,3,AnsibleでVagrant開発環境（CentOS7.3）を構築する,setup-vagrant-environment-ansible,2017-09-26 20:50:45,false
15,3,Ansibleでリモートのファイルに書き込みをする,write-remote-file-ansible,2017-09-26 20:51:19,false
16,3,Ansibleでローカルのファイルをリモートにコピーする,copy-local-file-to-remote-ansible,2017-09-26 20:51:59,false
17,3,AWS(Elasticbeanstalk)のレイテンシーがやたら高いと思ったら・・・,high-latency-aws-elasticbeanstalk,2017-09-26 20:52:48,false
18,2,bitflyerのprivate apiを使ってビットコイン資産状況をslackに通知する Part2,notify-bitcoin-status-slack-bitflyer-api-part2,2017-09-26 20:53:37,false
19,2,bitflyerのprivate apiを使ってビットコイン資産状況をslackに通知する,notify-bitcoin-status-slack-bitflyer-api,2017-09-26 20:54:17,false
20,2,cdコマンドでディレクトリをタイピングするのが面倒くさくなってきたのでシェルスクリプトで楽をする,simplify-directory-typing-shell-script,2017-09-26 20:55:51,false
21,3,"CentOS6.7で[Errno 14] PYCURL ERROR 22 - \""The requested URL returned error: 404 Not Found\""とかいうエラーがでた",centos-error-404-pycurl,2017-09-26 20:57:30,false
22,2,dotEnvの環境変数をクライアントサイドでも使えるようにする - dotenv-webpack,use-dotenv-variables-client-side,2017-09-26 20:58:17,false
23,2,ES6のExportとImportについて,es6-export-import,2017-09-26 20:58:44,false
24,2,FormRequestのrulesメソッド内でバリデーションルールを振り分ける,validate-rules-formrequest,2017-09-26 20:59:26,false
25,2,gitコマンドを楽にするシェルスクリプトをかいた,create-shell-script-git-commands,2017-09-26 20:59:54,false
26,2,Google ExtenstionのPluginをつくってみた,build-google-extension-plugin,2017-09-26 21:01:26,false
27,2,Laravel リポジトリパターンの実装,implement-laravel-repository-pattern,2017-09-26 21:03:53,false
28,2,Laravel+React+ES6+Browserify,laravel-react-es6-browserify,2017-09-26 21:06:21,false
29,2,Laravel+React+Superagentでフォームを実装,laravel-react-superagent-form,2017-09-26 21:07:08,false
30,2,Laravel5.2にNotificationでNotificationを使う,use-notification-laravel-5-2,2017-09-26 21:08:38,false
31,2,Laravel5.3で自作artisanコマンド.md,laravel-5-3-custom-artisan-command,2017-09-26 21:13:47,false
32,27,Laravel5.4でsqliteを使ってテストをかく準備,laravel-5-4-sqlite-test-setup,2017-09-26 21:14:27,false
33,2,Laravelでajaxの際にCsrfTokenに引っかかった話,laravel-ajax-csrf-token-issue,2017-09-26 21:15:10,false
34,2,LaravelでCORS対応,laravel-cors-setup,2017-09-26 21:15:56,false
35,2,LaravelでEventを使う,laravel-event-usage,2017-09-26 21:16:56,false
36,2,LaravelでRestAPIをつくる,laravel-rest-api-creation,2017-09-26 21:17:47,false
38,2,Laravelでエラーメッセージを共通のテンプレートで対応する方法,laravel-error-message-template,2017-10-01 15:55:54,false
39,2,LaravelにbowerでReactを導入してみる,laravel-bower-react-integration,2017-10-01 15:57:50,false
40,3,LaravelにSPAを組み込む時に考えたディレクトリ構成とnginxのconfファイル,laravel-spa-directory-structure-nginx-config,2017-10-01 16:01:00,false
41,2,Laravelのredirect('hoge')とredirect()->to('hoge')の違い,laravel-redirect-differences,2017-10-01 16:01:50,false
42,2,Laravelのデバッグツールlaravel-debugbarをつかってみる,laravel-debugging-tool-usage,2016-06-26 16:02:30,false
43,3,Laravelのデプロイツール Laravel Envoy を使ってみる,laravel-deployment-tool-envoy,2017-10-01 16:03:12,false
44,2,Laravelのフォームリクエストでバリデーションされる値をカスタマイズする,laravel-form-request-validation-customization,2017-10-01 16:03:43,false
45,2,Laravelの多対多のリレーションでテーブル名を規則から外す時,laravel-many-to-many-table-name-customization,2017-10-01 16:04:12,false
46,2,Laravelをinstallerでカンタンインストール,laravel-installer-easy-installation,2016-05-15 16:05:02,false
47,3,Let'sEncryptの証明書自動更新に失敗し続けていたけど何とかした話,letsencrypt-auto-renewal-failure-solution,2017-10-01 16:06:04,false
48,3,letsencryptの証明書自動更新(cron)とちょっとだけSlack連携,letsencrypt-auto-renewal-cron-slack-integration,2017-10-01 16:06:40,false
49,3,Letsencryptの証明書自動更新スクリプト,letsencrypt-auto-renewal-script,2017-10-01 16:07:30,false
50,3,macにanyenvをインストールする,installing-anyenv-on-mac,2017-10-01 16:08:40,false
51,3,Nginxをリバースプロキシとして設定する,nginx-reverse-proxy-configuration,2017-10-01 16:10:44,false
52,3,php7をインストールした時にmysqlドライバーがなかった,mysql-driver-php7-installation-issue,2017-10-01 16:11:47,false
53,2,PHPで学ぶデザインパターン - Adapter ~APIを変更する~,php-adapter-api-change,2017-10-01 16:13:11,false
54,2,PHPで学ぶデザインパターン - Singleton ~いくつ作るかを制限~,php-design-patterns-singleton,2017-10-01 16:13:57,false
55,2,PHPで学ぶデザインパターン - Template Method ~処理の穴埋め~,php-design-patterns-template-method,2017-10-01 16:14:48,false
56,2,PHPで学ぶデザインパターン - オブジェクト指向の基礎,php-design-patterns-object-oriented-basics,2017-10-01 16:17:16,false
57,2,React Tag Autocompleteを使ってサジェスト付きタグ機能を実装する,react-tag-autocomplete-implementation,2017-10-01 16:18:00,false
58,2,React＋marked＋highlight,react-marked-highlight-integration,2017-10-01 16:18:43,false
59,2,React+Reduxのディレクトリ構成検討,react-redux-directory-structure,2017-10-01 16:19:22,false
60,2,React+react-redux+react-router+ES6+webpackで作るSPAボイラープレート,react-ecosystem-spa-boilerplate,2017-10-01 16:22:50,false
61,2,Reactでrequireしてたら、[BABEL] Note: The code generator has deoptimised the styling of ,react-babel-code-generator-warning,2017-10-01 16:23:52,false
62,2,Reactでフォローボタンをつくってみる,react-follow-button-implementation,2017-10-01 16:24:29,false
63,2,Reactで複数のinputを扱うフォームを実装する,react-multiple-input-form,2017-10-01 16:24:56,false
64,2,ReactとReduxでSPAを構築するために参考にした記事,react-redux-spa-resources,2017-10-01 16:25:24,false
65,2,redux-formのサーバーサイドバリデーションでpromissをいじってたら「Uncaught (in promise) error」,redux-form-promise-error,2017-10-01 16:26:00,false
66,3,Slack＋hubot＋cron(node-cron)＋shell＋logwatchでサーバーログを定時報告,slack-hubot-cron-log-reporting,2017-10-01 16:27:12,false
67,3,Vagrant+CentOS7.3+Ansible,vagrant-centos-ansible-setup,2017-10-01 16:28:26,false
68,3,VagrantでCentOS6.7の開発環境を構築する,vagrant-centos-development-environment,2017-10-01 16:29:26,false
69,2,VagrantでVirtualHostを使う,vagrant-virtualhost-usage,2017-10-01 16:30:03,false
70,2,"Vagrantを1.7.4から1.9.1に一気にアップデートしたら「Bringing up interface eth2:  Device eth2 does not seem to be present, delaying initialization.」",vagrant-update-issue-eth2,2017-10-01 16:31:05,false
71,3,"Vagrant上のMySQLで""MySQL Daemon failed to start",vagrant-mysql-daemon-start-failure,2017-10-01 16:34:12,false
72,3,さくらVPS+CentOS7.3+Ansible,sakura-vps-centos-ansible,2017-10-01 16:34:53,false
73,2,単一テーブル継承・クラステーブル継承・具象クラス継承について,table-inheritance-types,2017-10-01 16:44:05,false
74,1,PHPカンファレンス2017で、「3年目エンジニアOSSをはじめる」というテーマでLT登壇してきました,php-conference-2017-oss-talk,2017-10-11 21:34:10,false
78,2,モダンなJSの話──アロー関数,modern-js-arrow-functions,2017-12-25 23:14:39,false
79,2,モダンなJSの話──var/let/const,modern-js-var-let-const,2017-12-25 23:20:27,false
80,2,モダンなJSの話──クラス,modern-js-classes,2017-12-25 23:21:32,false
81,2,モダンなJSの話──importとexport,modern-js-import-export,2017-12-25 23:22:37,false
82,2,モダンなJSの話──Destructuring assignment（分割代入）,modern-js-destructuring,2017-12-25 23:23:27,false
83,2,Reactでマークダウンエディタをシャッとつくる,react-markdown-editor-tutorial,2017-12-25 23:24:08,false
88,2,モダンなJSの話──Promise,modern-js-promises,2017-12-29 20:43:13,false
90,2,ReactとHistory APIを使ってrouterを自作する,react-history-api-router,2018-01-03 20:58:52,false
91,2,モダンなJSの話──async function,modern-js-async-functions,2018-01-29 18:16:46,false
92,2,モダンなJSの話──Proxy,modern-js-proxy,2018-02-28 10:35:29,false
93,3,Dockerとは,what-is-docker,2018-04-01 10:59:39,false
94,2,Golangの開発環境を構築,golang-development-environment,2018-04-07 20:51:38,false
95,27,テストケースの種類と洗い出し,types-of-test-cases,2018-04-11 12:59:44,false
96,2,Laravel Homesteadを使ったLaravelの環境構築,laravel-homestead-setup,2018-04-11 22:03:16,false
98,6,ステートレスとステートフル,stateless-vs-stateful,2018-04-17 10:28:08,false
99,6,HTTPとSSL／TLS,http-ssl-tls,2018-04-18 18:19:07,false
100,2,Golangの勉強で参考にした資料,golang-study-resources,2018-03-01 15:08:26,false
101,12,O（オーダー）記法とアルゴリズムの計算量の求め方,big-o-notation-algorithms,2018-04-18 19:38:41,false
103,7,Indexとはなにか,what-is-index,2024-04-01 14:48:55,false
105,8,Road to Vimmer,road-to-vimmer,2018-04-22 18:03:16,false
106,27,はじめて学ぶソフトウェアのテスト技法,introduction-software-testing,2018-05-04 18:02:48,false
114,2,ポリモーフィズムとは,what-is-polymorphism,2018-05-07 00:28:27,false
115,2,ソフトウェア開発の法則,software-development-principles,2018-05-07 00:29:04,false
116,2,ダック・タイピングとは,what-is-duck-typing,2018-05-07 00:40:06,false
119,22,OSメモ,os-memo,2018-05-11 15:26:12,false
120,7,N+1問題とは,what-is-n-plus-one-problem,2018-05-12 12:20:49,false
121,8,tmuxコトハジメ,tmux-beginners-guide,2018-05-22 10:39:09,false
122,8,開発環境を見直してvimライクにした,vim-like-development-environment,2018-05-22 10:40:43,false
123,22,シンボリックリンクとハードリンクの違い,symbolic-vs-hard-links,2018-05-24 12:35:00,false
124,2,DIとサービスロケーター,dependency-injection-service-locator,2018-06-05 18:02:45,false
125,2,SPAを構築したときにハマったこと,spa-development-challenges,2018-06-06 20:18:05,false
127,3,さくらVPSでDocker環境を構築する,docker-environment-sakura-vps,2018-06-09 15:33:33,false
128,2,Atom×TidalCycles×SuperColliderでライブコーディングをはじめる,live-coding-atom-tidalcycles-supercollider,2018-06-11 21:36:02,false
129,2,GraphQLとは,what-is-graphql,2018-06-14 18:58:44,false
131,22,プロセスとスレッドの違い,process-vs-thread,2018-06-25 01:20:02,false
135,22,Unixコマンドメモ,unix-command-memo,2018-07-07 23:27:11,false
137,12,JavaScriptで始めるアルゴリズム,javascript-algorithms-introduction,2018-07-13 12:37:47,false
138,13,Road to ISUcon,road-to-isucon,2023-06-07 12:00:51,false
139,22,Linuxのパーミッションの読み方と指定方法について,linux-permission-reading-specification,2018-07-18 12:35:29,false
140,7,MySQLのJOINとUNIONについて,mysql-join-union,2018-07-18 15:33:53,false
141,7,ER図のリレーションシップの種類について,er-diagram-relationship-types,2018-07-31 12:16:27,false
142,7,複数のテーブルに多対1で紐づく時のテーブル設計のアプローチについて,table-design-multiple-tables-many-to-one,2018-08-06 16:10:59,false
143,27,CircleCI2.0でPHPUnitのコードカバレッジを出力する,circleci-phpunit-code-coverage,2018-08-13 16:53:18,false
144,3,Docker for Macのマウントが遅い問題の対応,docker-mac-mount-slow-issue,2018-08-19 20:01:26,false
146,2,Golangのポインタの基本,golang-pointers-basics,2018-09-03 12:48:54,false
147,3,PrometheusとGrafanaでリソース監視環境を整える,prometheus-grafana-resource-monitoring,2018-09-15 23:53:28,false
148,3,ssh接続セットアップメモ,ssh-connection-setup-notes,2018-09-18 19:20:46,false
149,27,Jestで始めるJavaScriptのテスト,jest-javascript-testing-introduction,2018-09-20 16:31:58,false
150,2,Golangの関数についてー関数値／コールバック関数／無名関数,golang-functions-callbacks-anonymous,2018-10-04 10:56:10,false
151,8,Google Analyticsのカスタムレポートをつくってみた,google-analytics-custom-reports,2018-10-12 11:39:00,false
152,3,DockerでElasticsearchとKibanaの環境構築,docker-elasticsearch-kibana-setup,2018-10-22 20:08:41,false
153,2,Golangでの変数定義・宣言のパターンまとめ,golang-variable-definition-patterns,2018-11-13 15:43:19,false
154,2,Golangのポインタ概要,golang-pointers-overview,2018-11-13 21:12:35,false
155,2,Golangのインターフェース概要,golang-interfaces-overview,2018-11-15 14:38:54,false
156,2,PHPのインターフェースとタイプヒンティング,php-interfaces-type-hinting,2018-12-08 17:37:17,false
157,21,2進数、10進数、16進数の変換について,binary-decimal-hexadecimal-conversion,2018-11-27 15:58:07,false
158,22,メモリ管理に関する用語まとめ,memory-management-terminology-summary,2018-11-30 17:21:19,false
159,2,正規表現の基本,basic-regular-expressions,2018-12-01 00:57:36,false
160,2,PHPで学ぶデザインパターン - Factory・Factory Method・Abstract Factory,php-design-patterns-factory,2018-12-01 23:15:50,false
161,2,anyenvでインストールしたrbenvでbundlerをinstallしたときにパスでハマった,rbenv-bundler-install-path-issue,2018-12-04 21:49:55,false
162,2,PHPで学ぶデザインパターン - Strategy,php-design-patterns-strategy,2018-12-09 10:25:43,false
163,1,PHPカンファレンス2018のLT枠で登壇してきた,php-conference-2018-presentation,2018-12-16 02:43:03,false
164,12,URLルーティングをつくる　エピソード1,creating-url-routing-episode-1,2018-12-19 02:38:10,false
165,12,URLルーティングをつくる　エピソード2,creating-url-routing-episode-2,2019-01-06 13:12:22,false
166,3,コンテナ技術概要,container-technology-overview,2023-06-05 11:44:45,false
167,22,grep入門,introduction-to-grep,2019-01-22 23:04:43,false
168,1,PHPカンファレンス仙台2019に参加した,php-conference-sendai-2019,2019-01-27 19:24:07,false
169,2,PHPで学ぶデザインパターン - Mediatorパターン,php-design-patterns-mediator,2019-01-31 23:52:15,false
170,2,PHPで学ぶデザインパターン - Adapterパターン,php-design-patterns-adapter,2019-02-01 00:03:35,false
171,2,PHPで学ぶデザインパターン - Bridgeパターン,php-design-patterns-bridge,2019-02-01 00:52:07,false
172,2,Goでmysqldumpツールをつくる,creating-mysqldump-tool-with-go,2019-02-04 09:47:58,false
173,27,Laravelでの機能テストの始め方雑メモ,getting-started-with-laravel-feature-testing,2019-02-11 12:42:49,false
174,1,雑Trelloと雑spreadsheetを公開した話とプライベートのタスクを計測し始めた話,trello-spreadsheet-sharing-and-task-tracking,2019-02-12 10:45:16,false
175,3,ubuntu初期設定メモ,ubuntu-initial-setup-notes,2019-02-15 00:01:09,false
176,1,Laravel JP Conferenceにコアスタッフ兼LTスピーカーとして参加してきました,laravel-jp-conference-participation,2019-02-16 21:36:19,false
177,12,URLルーティングをつくる　エピソード3（完結編）,creating-url-routing-episode-3,2019-03-17 21:47:16,false
178,8,GoogleChromeでBurp Suiteを使う手順,using-burp-suite-with-google-chrome,2019-03-22 11:20:44,false
179,1,PHPerKaigi2019に参加・登壇してきました,phperkaigi-2019-participation,2019-04-01 12:42:52,false
181,2,Realizeを使ってgoでホットリロードを実現するメモ,realize-hot-reload-go,2019-04-11 15:09:57,false
182,2,ゴリラで学ぶソフトウェアの法則10選,gorilla-software-principles,2019-04-17 23:58:41,false
183,2,PHPで学ぶデザインパターン - Stateパターン,php-design-patterns-state,2019-04-20 23:12:06,false
184,3,dockerでイメージとコンテナを削除してもボリュームが消えていなかったときのメモ,docker-image-container-volume-issue,2019-04-28 14:58:07,false
186,2,master直プッシュの際にプロンプトで確認するようにする,master-push-prompt-confirmation,2019-05-08 14:53:58,false
187,2,execコマンドによるリダイレクト,exec-command-redirection,2019-05-08 17:04:01,false
188,1,PHPカンファレンス福岡2019に参加・登壇してきました,php-conference-fukuoka-2019-participation,2019-07-04 22:36:50,false
189,7,MySQLでテストデータを生成するSQL,mysql-test-data-generation-sql,2019-07-16 10:33:40,false
191,2,Golangでクリーンアーキテクチャに入門する,golang-clean-architecture-introduction,2019-08-18 18:05:25,false
193,3,Dockerizeを使ってDocker Composeのコンテナの起動順を制御する,dockerize-control-docker-compose-start-order,2019-09-17 23:33:59,false
194,3,Mackerelで監視対象から外れたホストを再度復帰させる方法,mackerel-recover-excluded-hosts,2019-09-17 23:39:28,false
195,12,Golangでトライ木を実装する,golang-tries-implementation,2019-09-24 22:51:20,false
196,3,DockerのOperation not permittedというエラーに対応する,docker-operation-not-permitted-error,2019-09-27 09:21:33,false
197,2,FuelPHP1.8.0→1.8.2、PHP5.6→PHP7.3へのバージョンアップした,fuelphp-version-upgrade-1-8-0-to-1-8-2,2019-10-05 20:57:51,false
198,1,PHPカンファレンス北海道2019に参加してきた,php-conference-hokkaido-2019-participation,2019-10-06 02:06:35,false
200,1,PHPカンファレンス沖縄2019に参加してきた,php-conference-okinawa-2019-participation,2019-10-13 14:13:57,false
201,12,アルゴリズムとデータ構造 - リスト,algorithms-data-structures-list,2019-10-18 01:34:13,false
202,12,アルゴリズムとデータ構造 - 配列,algorithms-data-structures-array,2019-10-31 09:56:16,false
204,1,bmfと今年買ってよかったモノ,bmf-best-purchases-of-the-year,2017-12-25 10:21:40,false
207,1,今年買ってよかったモノ,best-things-of-2018,2018-12-29 02:45:29,false
208,1,2018年の振り返りと2019年の目標,2018-review-2019-goals,2018-12-31 10:31:22,false
209,2,GolangのHTTPサーバーのコードリーディング,golang-http-server-code-reading-2019,2019-11-03 11:03:15,false
210,12,アルゴリズムとデータ構造 - スタック,algorithms-data-structures-stack,2019-11-17 15:26:59,false
211,12,アルゴリズムとデータ構造 - キュー,algorithms-data-structures-queue,2019-11-17 15:30:27,false
212,1,2019年の全PHPカンファレンスをコンプリートした,complete-2019-php-conferences,2019-12-03 16:05:09,false
213,12,アルゴリズムとデータ構造 - ハッシュマップ,algorithms-data-structures-hashmap,2023-07-31 03:23:49,false
214,2,URLルーティング自作入門　エピソード１,url-routing-introduction-episode-1,2019-12-14 19:20:13,false
215,2,URLルーティング自作入門　エピソード２,url-routing-introduction-episode-2,2019-12-15 21:47:32,false
216,1,2019年の振り返りと来年の抱負,2019-review-and-resolutions,2019-12-21 12:40:46,false
217,7,トランザクション概観,transaction-overview,2023-06-07 14:51:32,false
218,12,アルゴリズムとデータ構造 - ヒープ,algorithms-data-structures-heap,2020-01-14 22:04:54,false
219,12,アルゴリズムとデータ構造 - 二分探索木,algorithms-data-structures-binary-search-tree,2020-01-15 22:40:24,false
220,2,GolangでgoblinというURLルーターを自作した,goblin-url-router-in-golang,2020-01-26 23:57:08,false
221,12,アルゴリズムとデータ構造 - バブルソート,algorithms-data-structures-bubble-sort,2020-02-01 15:58:14,false
222,12,アルゴリズムとデータ構造 - 選択ソート,algorithms-data-structures-selection-sort,2020-02-01 15:59:35,false
223,12,アルゴリズムとデータ構造 - 挿入ソート,algorithms-data-structures-insertion-sort,2020-02-01 16:00:17,false
224,12,アルゴリズムとデータ構造 - ヒープソート,algorithms-data-structures-heap-sort,2020-02-01 16:01:16,false
225,12,アルゴリズムとデータ構造 - マージソート,algorithms-data-structures-merge-sort,2020-02-01 16:02:11,false
226,12,アルゴリズムとデータ構造 - クイックソート,algorithms-data-structures-quick-sort,2020-02-01 16:02:45,false
230,1,VPS×Docker Compose×Docker Machine×Golang×Nginx×Let's Encryptでの本番運用,vps-docker-compose-golang-nginx-lets-encrypt,2020-06-07 10:09:25,false
231,2,PHPでUMLを自動生成してくれるツールーphUML,php-uml-auto-generator-phuml,2020-06-26 18:56:30,false
232,7,"DBドキュメント（ER図など）を自動生成してくれるツールーschemaspy, tbls",db-documentation-tools-schemaspy-tbls,2020-07-09 18:14:45,false
233,2,vscodeでgoのLanguage Serverを有効にしたらコード定義元ジャンプができなくなった,vscode-go-language-server-issue,2020-07-19 17:36:44,false
234,2,Golang×chromedp×slack botでslackの絵文字自動生成ボットをつくってみた,golang-chromedp-slack-bot,2020-08-11 16:43:20,false
235,9,孤児プロセスとゾンビプロセスの違い,orphan-process-vs-zombie-process,2020-08-24 22:37:03,false
236,9,リトルエンディアン・ビッグエンディアン・ミドルエンディアン・バイエンディアンの違いについて,endianness-little-big-middle-bi,2020-08-25 21:36:00,false
237,2,gRPCとはーGolangでgRPCに入門するー,grpc-introduction-golang,2020-09-08 00:08:08,false
238,2,JWTとは,jwt-introduction,2020-09-11 01:40:01,false
239,13,ISUCON10に参加してきた,isucon10-participation,2020-05-21 12:02:33,false
241,2,Go CodeReviewCommentsのまとめ,go-code-review-comments-summary,2020-09-15 00:31:41,false
242,2,Golangでインメモリなキャッシュを実装する,golang-in-memory-cache-implementation,2020-09-29 01:53:39,false
243,3,Kubernetesドキュメントのリーディングーコンセプトのまとめ,kubernetes-documentation-concepts,2020-10-20 01:20:34,false
244,13,ISUCON環境で学ぶシステムメトリクス入門,system-metrics-introduction-isucon,2024-04-14 12:02:22,false
245,6,ネットワーク用語まとめ,network-terminology-summary,2020-11-02 15:07:12,false
246,2,認証・認可の基本,authentication-authorization-basics,2020-11-05 00:35:52,false
248,3,docker-compose.ymlで指定した環境変数がコンテナビルド中に参照できない,docker-compose-env-vars-issue,2020-11-14 14:04:48,false
249,3,TerraformとAnsibleを使ってVPSを構築する,terraform-ansible-vps-setup,2020-12-20 00:20:51,false
250,1,2020年の振り返りと来年の抱負,2020-reflection-and-goals,2021-01-03 19:21:50,false
251,2,goのspannerクライアントのReadOnlyTransactionでハマった,go-spanner-client-read-only-transaction-issue,2021-02-08 16:50:18,false
252,3,DigitalOceanでマネージドKubernetesを使ってみる,managed-kubernetes-on-digitalocean,2021-03-07 02:04:29,false
253,2,golang-migrateを使ってspannerのDBマイグレーションをする,db-migration-with-golang-migrate-spanner,2021-03-17 21:39:16,false
254,3,TerraformとAnsibleを使ってKubernetes環境構築,kubernetes-setup-with-terraform-ansible,2021-04-06 23:53:10,false
256,3,Docker CLIでDocker Composeが使えるようになった,docker-cli-supports-docker-compose,2021-05-06 15:44:05,false
257,2,Gitでcommitを分割する方法,git-split-commit,2021-06-01 21:46:02,false
258,3,フから始まるシステム障害関連用語,system-failure-terms-starting-with-f,2021-06-05 01:30:47,false
259,2,自作ルーティングをアップデートした,update-custom-routing,2021-06-18 19:01:00,false
260,3,AWSのARNを覚える,remember-aws-arn,2021-06-23 00:06:43,false
261,3,AWSサービスの種類ーAZ・リージョン・グローバル,types-of-aws-services-az-region-global,2021-06-23 23:31:33,false
263,2,GolangのHTTPサーバーのコードリーディング,golang-http-server-code-reading,2021-06-30 23:23:08,false
264,3,AWS認定ソリューションアーキテクトアソシエイトを受験した,took-aws-certified-solutions-architect-associate,2021-07-17 19:58:07,false
265,3,New RelicとDatadog APMの比較,comparison-of-new-relic-and-datadog-apm,2021-08-10 23:11:39,false
266,1,ISUCON11に参加した,participated-in-isucon11,2021-10-21 12:15:15,false
267,7,M1 MacでMySQL8.0.17のコンテナが起動できない,mysql-container-not-starting-on-m1-mac,2021-09-05 22:37:06,false
268,7,Ubuntu 20.04.2 LTSでmysqlコンテナを起動するとPermission deniedで怒られた,permission-denied-when-starting-mysql-container-on-ubuntu,2021-09-12 23:39:14,false
269,2,Gitでコミットを分割する方法,split-commits-with-git,2021-10-05 00:43:10,false
270,2,textlintとreviewdogを使ってCircleCIでテキスト校正する,textlint-and-reviewdog-for-circleci-text-proofreading,2021-10-09 21:37:37,false
271,3,ECS on Fargate環境でDatadog APMを導入,introducing-datadog-apm-on-ecs-fargate,2021-10-19 12:30:41,false
272,2,net／httpでつくるHTTPルーター自作入門,building-http-router-with-net-http,2021-10-24 16:05:29,false
274,2,OAuth2、OIDCのキャッチアップのための資料,resources-for-catching-up-on-oauth2-oidc,2021-10-05 02:12:44,false
276,8,StreamYardでKeynoteの発表者ディスプレイを表示しながら配信する方法,streamyard-keynote-presenter-display,2021-11-03 23:00:46,false
277,3,コンテナで始めるモニタリング基盤構築,container-monitoring-infrastructure,2021-12-18 04:11:49,false
278,2,Golangでロードバランサーを実装する,golang-load-balancer-implementation,2022-01-01 23:20:11,false
279,1,2021年の振り返りと来年の抱負,2021-review-and-2022-goals,2021-12-30 12:42:08,false
280,3,legoでLet's encryptのSSL証明書をDNS-01方式で取得する,lego-lets-encrypt-dns-01-ssl,2022-01-18 00:13:30,false
281,2,PHP7.4からPHP8.1までの新機能をキャッチアップ,php8-1-new-features,2022-03-21 23:01:33,false
282,2,エリック・エヴァンスのドメイン駆動設計,eric-evans-domain-driven-design,2016-12-09 14:59:59,false
283,7,Spannerの知見メモ,spanner-knowledge-notes,2024-03-03 02:49:05,false
284,23,Githubでレジュメを管理するようにした,github-resume-management,2023-06-07 12:10:17,false
288,1,ブログのシステムを移行した,blog-system-migration,2022-06-14 03:38:10,false
290,13,bmf-techを支える技術,bmf-tech-supporting-technologies,2022-08-08 14:52:22,false
291,25,認定スクラムマスター（LSM）になった,certified-scrum-master-lsm,2023-08-01 11:58:33,false
293,2,マークダウン形式のファイルをPDFファイルに変換する（mermaid・emoji・toc対応）,markdown-to-pdf-conversion,2022-09-01 14:44:11,false
294,2,Cloud Functionsを使ってSlack AppのSlash Commandを実装,cloud-functions-slack-app-slash-command,2022-09-19 16:37:18,false
295,2,GoでClean Architectureのレイヤーを静的解析する,go-clean-architecture-static-analysis,2022-09-04 09:12:21,false
296,2,スクラムマスターとプロダクトオーナーの違いについて,scrum-master-product-owner-differences,2022-09-04 14:14:37,false
297,2,SLI・SLO・SLAについて,sli-slo-sla-explained,2022-09-10 13:25:23,false
302,13,Design Docsについて,design-docs-overview,2022-10-07 15:02:45,false
303,13,ADR（Architecture Decision Record）について,adr-architecture-decision-record,2022-10-10 12:54:15,false
304,2,homebrewで過去バージョンをインストールする,homebrew-installing-previous-versions,2022-10-30 06:34:36,false
305,13,SOAとマイクロサービスとの違いについて整理するために読んだ記事メモ,soa-vs-microservices,2022-11-21 14:14:46,false
306,25,アジャイルメトリクスを読んだ,agile-metrics-review,2022-12-17 07:40:14,false
307,28,Goで始めるコードのパフォーマンス改善,go-performance-improvement,2023-06-12 13:01:32,false
311,8,オレオレTechnology Radarを作る,create-technology-radar,2022-12-17 07:41:56,false
312,2,GoのHTTP Routerを比較するベンチマーカーを実装した,http-router-benchmark-go,2022-12-20 13:24:32,false
315,1,2022年の振り返りと来年の抱負,2022-review-and-goals,2022-12-28 16:48:54,false
316,15,ファイルシステムの容量不足によるサービスダウン,service-outage-due-to-storage,2023-05-07 09:17:42,false
318,8,Datadog continuous testingについて調べたことメモ,datadog-continuous-testing-notes,2023-01-31 13:39:30,false
319,13,システム設計関連の資料を読み漁った,system-design-resources-review,2023-02-27 02:02:27,false
320,2,FuelPHPの2023年3月現在の現況,fuelphp-status-march-2023,2023-03-01 16:46:33,false
321,3,dockerコマンドをcronで実行しようとしたらthe input device is not a TTY,docker-cron-tty-issue,2023-03-17 15:02:26,false
325,7,NewSQL関連の資料を読み漁った,newsql-resources-review,2023-03-29 06:30:48,false
326,19,CFPを書く技術,writing-cfp-techniques,2024-04-14 11:57:48,false
327,2,buildxを使ったGoアプリケーションイメージのクロスコンパイル,cross-compiling-go-app-with-buildx,2023-04-20 14:53:49,false
328,2,Goのhtml／templateでURLをエンコードさせない,go-html-template-url-encoding,2023-04-23 03:27:38,false
329,3,Google Cloud認定アソシエイトクラウドエンジニアを受験した,google-cloud-associate-engineer-exam,2023-06-07 13:24:45,false
330,2,DefaultServeMux以外でpprofを使う方法,using-pprof-without-defaultmux,2023-04-30 04:56:46,false
331,2,PyroscopeでContinuous Profiling,continuous-profiling-with-pyroscope,2023-05-07 09:49:00,false
332,7,MySQLで全文検索,full-text-search-with-mysql,2023-04-30 09:36:01,false
333,3,GCPについての覚え書き,gcp-notes-and-resources,2023-05-22 07:40:07,false
334,3,プロキシサーバー（フォワードプロキシサーバー）・リバースプロキシサーバー・ゲートウェイサーバーの違いについて,proxy-server-differences,2023-06-03 12:32:53,false
335,2,デプロイ戦略について,deployment-strategies,2023-06-03 12:33:11,false
336,7,シャーディングとパーティショニングの違い,sharding-vs-partitioning,2023-06-03 12:33:02,false
337,3,キャッシュの書き込み方式,cache-write-methods,2023-06-03 12:33:19,false
338,3,モニタリングシステムにおけるPull型とPush型のアプローチの違い,monitoring-pull-push-approaches,2023-12-13 09:12:29,false
340,7,MySQLのトランザクションのアノマリーについて,mysql-transaction-anomalies,2023-06-08 08:22:08,false
341,7,MySQLのロックについて,mysql-locking,2024-04-05 00:42:49,false
346,13,Design It,design-it,2019-11-25 15:00:07,false
347,12,スライディングウィンドウの実装,sliding-window-implementation,2023-08-17 15:37:28,false
348,12,バックトラッキングの実装,backtracking-implementation,2023-06-23 16:44:28,false
349,12,カウントソートの実装,counting-sort-implementation,2023-06-24 06:38:36,false
350,12,アルゴリズムとデータ構造の基本の復習,algorithms-data-structures-review,2023-06-28 13:22:01,false
351,2,プログラマ脳,programmer-mindset,2023-06-26 15:00:02,false
352,2,再帰処理の苦手なところ,recursion-challenges,2023-07-08 12:55:30,false
353,12,連結リストのランナーテクニック,linked-list-runner-technique,2023-07-22 04:22:52,false
354,12,スタックとキューの実装,stack-queue-implementation,2023-07-25 06:28:23,false
355,12,2分探索木の探索パターンについて,binary-search-tree-search-patterns,2023-08-04 14:57:53,false
356,12,隣接リストと隣接行列,adjacency-list-matrix,2023-07-29 18:37:56,false
357,2,HTTP Routerの自作で参考にした資料,http-router-resources,2023-10-30 01:53:56,false
358,13,モノレポについて,monorepo-overview,2023-08-11 14:30:52,false
359,2,gRPCとProtocol Buffersについて復習するためのリンク集,grpc-protocol-buffers-review,2024-01-25 08:15:50,false
361,3,multipassでk3sを動かす,multipass-k3s-setup,2023-08-17 08:58:14,false
362,2,Template MethodパターンとStarategyパターンについて,template-method-strategy-patterns,2023-08-20 06:36:22,false
363,2,実用Go言語,practical-go-language,2023-08-05 14:11:48,false
364,2,Goでfan-inとfan-outを実装する,go-fan-in-fan-out-implementation,2023-08-21 16:43:37,false
365,2,Goのhttp.RoundTripperについて,go-http-roundtripper,2023-08-22 04:52:28,false
368,13,通知基盤構築についてのメモ書き,notification-infrastructure-notes,2023-08-28 03:19:55,false
369,2,Goを学びなおす,learning-go-again,2023-01-23 14:13:37,false
370,13,BFFについて,bff-explained,2023-08-29 15:38:05,false
371,2,GoでServeMuxの機能拡張を提案するProposalがAcceptedになった,go-servemux-extension-proposal-accepted,2023-08-31 12:55:52,false
372,2,Goのresponse.WriteHeaderの副作用について,go-response-writeheader-side-effects,2023-09-11 16:28:01,false
373,13,Sagaパターンについて調べたことをメモ,saga-pattern-research-notes,2023-09-17 11:19:37,false
374,13,CQRSについて調べたことをメモ,cqrs-research-notes,2023-09-18 05:02:53,false
375,13,モジュラモノリスについて調べたことをメモ,modular-monolith-research-notes,2023-09-25 15:13:55,false
376,12,尺取り法について,sliding-window-technique,2023-08-01 13:47:22,false
377,2,slogを使ったContextual Logging,slog-contextual-logging,2023-10-08 08:11:32,false
380,2,PHPCompatibilityを使ってPHP8.2の互換性チェックを行う際にハマったこと,phpcompatibility-php82-compatibility-issues,2024-04-14 11:55:52,false
381,27,CircleCIでphpunitの並列テストを行う,circleci-phpunit-parallel-testing,2023-10-21 15:55:59,false
382,3,サービスメッシュについて,service-mesh-overview,2023-10-29 13:49:24,false
383,2,GraphQLについて,graphql-introduction,2023-11-09 15:44:38,false
384,2,ADRのテンプレートファイルを生成するコマンド,adr-template-command,2023-11-10 13:52:13,false
385,2,GoReleaserを使ってのGoのアプリケーションを配布する,goreleaser-go-distribution,2023-11-11 15:16:14,false
386,13,アーキテクチャ設計の進め方,architecture-design-approach,2023-11-23 15:08:56,false
387,25,ソフトウェア開発のプロジェクトにおける不確実性への向き合い方,dealing-with-uncertainty-software-projects,2023-12-22 00:08:46,false
388,3,GrafanaでContact PointsとPoliciesをプロビジョニングするようにする,grafana-contact-points-policies-provisioning,2023-12-27 01:09:20,false
389,7,Aurora Serverlessについて調べた,aurora-serverless-research,2023-12-27 13:32:59,false
391,13,アーキテクチャ設計と組織設計についての記事漁り,architecture-design-organization-design-resources,2023-12-27 13:51:17,false
392,24,開発生産性についての記事漁り,development-productivity-resources,2023-12-30 03:13:46,false
393,1,2023年の振り返りと来年の抱負,2023-review-and-2024-goals,2024-01-03 14:22:14,false
394,2,FuelPHPとPHPのアップデートプロジェクトレポート,fuelphp-php-update-project-report,2024-01-26 13:40:33,false
395,2,OpenAPIを使ったスキーマ駆動開発,openapi-schema-driven-development,2024-01-19 14:50:27,false
396,2,Goのマルチモジュール構成でWorkspace modeを使ってみる,go-multi-module-workspace-mode,2024-01-19 03:42:30,false
397,25,モブプログラミングについて,mob-programming-introduction,2024-01-23 12:43:30,false
398,2,Go1.22rcで変更されるServeMuxの仕様,go1-22rc-changes-servemux-spec,2024-01-25 13:47:48,false
399,2,Goで指数バックオフとジッターを実装してみる,go-exponential-backoff-jitter-implementation,2024-01-31 14:26:01,false
400,2,Goでオレオレ証明書がほしいときの一手,go-self-signed-certificate-creation,2024-02-16 13:48:00,false
401,2,Goのrune型について,go-rune-type-explained,2024-02-21 10:18:18,false
402,13,SaaSのアーキテクチャについて知るためのリスト,saas-architecture-resource-list,2024-02-24 13:16:03,false
403,3,NGINXのbuffer関連ディレクティブのメモ,nginx-buffer-directives-notes,2024-03-02 01:53:15,false
404,19,ジョブ理論,job-theory-overview,2024-03-20 14:12:56,false
405,8,パスワード付きPDFの解除をするワンライナー,unlock-password-protected-pdf,2024-03-29 01:05:47,false
406,3,Kubernetesの各コンポーネントについて,kubernetes-components,2024-03-27 13:42:42,false
413,13,キャパシティプランニングについて,capacity-planning,2024-03-30 01:51:50,false
414,7,DB設計におけるID設計について,id-design-in-db,2024-03-30 01:51:40,false
415,7,DB設計におけるNULLについて,null-in-db-design,2024-03-30 03:22:54,false
416,7,正規化理論について,normalization-theory,2024-04-02 15:32:53,false
418,7,達人に学ぶDB設計徹底指南書: 初級者で終わりたくないあなたへ,db-design-guide-for-beginners,2024-04-11 14:16:34,false
419,25,カイゼン・ジャーニー,kaizen-journey,2024-04-16 14:11:56,false
420,19,改訂2版 最新 知りたいことがパッとわかる 社会保険と労働保険の届け出・手続きができる本,social-insurance-and-labor-insurance-guide,2024-04-18 13:53:15,false
421,19,世界一流エンジニアの思考法,thinking-like-top-engineers,2024-01-18 14:12:43,false
422,19,ザ・モデル,the-model,2024-04-16 14:11:56,false
423,19,カスタマーサクセス,customer-success,2024-04-16 14:11:56,false
424,25,正しいものを正しくつくる,building-correctly,2024-04-16 14:11:56,false
425,2,自作HTTPルーターから新しいServeMuxへ,custom-http-router-to-new-servemux,2024-04-27 05:01:52,false
426,19,All for SaaS,all-for-saas,2024-04-16 14:11:56,false
427,1,退職エントリ,resignation-entry,2024-04-30 12:56:44,false
428,13,エンジニアが学ぶ物流システムの「知識」と「技術」 ,logistics-systems-knowledge-and-skills-for-engineers,2024-04-04 13:59:16,false
429,19,「人事・労務」の実務がまるごとわかる本,comprehensive-guide-to-hr-and-labor-practices,2024-04-18 13:53:15,false
437,19,図解 人材マネジメント 入門 人事の基礎をゼロからおさえておきたい人のための「理論と実践」100のツボ,human-resource-management-introduction,2024-04-18 13:53:15,false
438,13,エンジニアが学ぶ生産管理システムの「知識」と「技術」,knowledge-and-skills-in-production-management-for-engineers,2024-04-04 13:59:16,false
439,13,エンジニアが学ぶ在庫管理システムの「知識」と「技術」,inventory-management-knowledge-skills,2024-04-04 13:59:16,false
440,13,エンジニアが学ぶ会計システムの「知識」と「技術」,accounting-system-knowledge-skills,2024-04-04 13:59:16,false
441,13,エンジニアが学ぶ金融システムの「知識」と「技術」,financial-system-knowledge-skills,2024-04-04 13:59:16,false
442,2,Go言語100Tips 開発者にありがちな間違いへの対処法,golang-100-tips-common-mistakes,2023-08-27 14:19:46,false
443,2,Go言語による分散サービス,distributed-services-with-golang,2023-08-18 14:24:37,false
445,2,プログラミング言語Go,programming-language-go,2017-03-12 14:30:25,false
447,2,Goプログラミング実践入門 標準ライブラリでゼロからWebアプリを作る,golang-web-app-development-from-scratch,2022-11-23 14:35:33,false
448,2,Go言語によるWebアプリケーション開発,web-application-development-with-golang,2017-03-12 14:39:09,false
449,2,スターティングGo言語,starting-with-golang,2018-03-01 15:08:26,false
450,19,入門 考える技術・書く技術――日本人のロジカルシンキング実践法,logical-thinking-techniques-for-japanese,2024-01-31 15:17:22,false
453,6,実務で使える メール技術の教科書 基本のしくみからプロトコル・サーバー構築・送信ドメイン認証・添付ファイル・暗号化・セキュリティ対策まで,email-technology-textbook-for-practitioners,2024-02-21 15:19:27,false
455,20,「アジャイル式」健康カイゼンガイド,agile-health-improvement-guide,2022-12-02 01:05:34,false
456,7,SQL実践入門──高速でわかりやすいクエリの書き方,sql-practical-introduction,2024-04-01 02:02:27,false
457,7,SQLアンチパターン,sql-anti-patterns,2024-04-01 02:02:27,false
458,7,初めてのSQL 第3版,beginner-sql-third-edition,2024-04-01 02:02:27,false
459,7,達人に学ぶSQL徹底指南書 第2版 初級者で終わりたくないあなたへ,sql-master-guide-for-advanced-beginners,2024-04-01 02:02:27,false
460,7,理論から学ぶデータベース実践入門 ~リレーショナルモデルによる効率的なSQL,database-practical-introduction-relational-model,2024-04-01 02:02:27,false
461,2,雰囲気で使わずきちんと理解する！整理してOAuth2.0を使うためのチュートリアルガイド,oauth2-tutorial-guide-for-understanding,2021-10-05 02:12:44,false
462,2,OAuth、OAuth認証、OpenID Connectの違いを整理して理解できる本,understanding-oauth-oauth2-openid-connect-differences,2021-10-05 02:12:44,false
463,2,OAuth・OIDCへの攻撃と対策を整理して理解できる本（リダイレクトへの攻撃編）,oauth-oidc-attacks-and-countermeasures-guide,2021-10-05 02:12:44,false
464,2,OAuth徹底入門 セキュアな認可システムを適用するための原則と実践,oauth-introduction-secure-authorization,2021-10-05 02:12:44,false
468,13,ソフトウェアアーキテクチャ Hardparts,software-architecture-hardparts,2023-02-27 02:50:09,false
469,13,ソフトウェアアーキテクチャの基礎,software-architecture-basics,2023-02-27 02:50:09,false
470,13,データ指向アプリケーションデザイン,data-oriented-application-design,2023-02-27 02:50:09,false
471,13,システム設計の面接試験,system-design-interview,2023-02-27 02:50:09,false
472,7,PostgreSQL徹底入門 第4版 インストールから機能・仕組み、アプリ作り、管理・運用まで,postgresql-comprehensive-guide,2024-05-04 11:31:12,false
473,3,キャパシティプランニング ― リソースを最大限に活かすサイト分析・予測・配置,capacity-planning-resource-optimization,2024-03-30 01:44:20,false
474,7,内部構造から学ぶPostgreSQL―設計・運用計画の鉄則,postgresql-internal-structure,2024-05-07 05:16:07,false
477,20,健康になる技術　大全,health-technology-guide,2024-05-09 06:13:32,false
478,6,ネットワークはなぜつながるのか 第2版 知っておきたいTCP/IP、LAN、光ファイバの基礎知識,network-connection-basics-tcp-ip-lan-fiber,2024-05-09 06:23:22,false
479,2,たのしいRuby,fun-with-ruby,2024-05-04 02:10:50,false
480,2,プロを目指す人のためのRuby入門,ruby-introduction-for-beginners,2024-05-04 02:10:50,false
482,2,パーフェクトRuby,perfect-ruby,2024-05-04 02:10:50,false
483,2,パーフェクトRuby on Rails,perfect-ruby-on-rails,2024-05-04 02:10:50,false
484,25,Running Lean ―実践リーンスタートアップ,running-lean-practical-startup,2016-12-27 02:13:59,false
485,25,Lean UX ―リーン思考によるユーザエクスペリエンス・デザイン,lean-ux-user-experience-design,2016-12-27 02:16:58,false
486,2,プログラムはなぜ動くのか 第3版 知っておきたいプログラミングの基礎知識,programming-basics-why-programs-work,2024-05-01 02:18:07,false
487,9,コンピュータはなぜ動くのか 第２版 知っておきたいハードウエア＆ソフトウエアの基礎知識,computer-basics-why-computers-work,2024-05-01 02:22:53,false
488,28,絵で見てわかるシステムパフォーマンスの仕組み,system-performance-explained,2018-07-12 02:38:46,false
489,28,達人が教えるWebパフォーマンスチューニング 〜ISUCONから学ぶ高速化の実践,web-performance-tuning-isucon-lessons,2022-06-09 02:42:17,false
490,23,Being Geek ギークであり続けるためのキャリア戦略,being-geek-career-strategy,2017-12-23 05:12:01,false
491,9,みんなのコンピュータサイエンス,everyone-computer-science,2019-03-25 05:17:25,false
492,22,UNIXという考え方,thinking-unix,2018-05-18 05:20:03,false
493,13,分散システムデザインパターン,distributed-system-design-patterns,2021-08-17 05:22:12,false
494,25,More Effective Agile,more-effective-agile,2023-10-01 05:23:53,false
495,27,ソフトウェアテストの教科書,software-testing-textbook,2022-11-22 05:25:50,false
496,20,ストレスフリー超大全,stress-free-guide,2023-02-06 05:28:48,false
497,13,データ分析基盤構築入門,data-analysis-infrastructure-introduction,2020-06-19 05:28:48,false
498,3,入門監視,introduction-monitoring,2019-01-26 05:32:03,false
499,27,テスト駆動開発,test-driven-development,2017-10-08 12:58:19,false
500,25,LEAN ANALYTICS スタートアップのためのデータ解析と活用法,lean-analytics-startup-data-analysis,2016-11-19 13:00:54,false
501,13,Clean Architecture 達人に学ぶソフトウェアの構造と設計,clean-architecture-software-structure-design,2018-08-01 13:02:46,false
502,13,レガシーコード改善ガイド: 保守開発のためのリファクタリング,legacy-code-improvement-guide,2017-03-12 13:05:42,false
503,19,リーン・スタートアップ,lean-startup,2017-06-01 13:10:50,false
504,8,ゼロからわかるUML超入門,uml-introduction-from-zero,2016-07-01 13:17:10,false
505,13,進化的アーキテクチャ 絶え間ない変化を支える,evolutionary-architecture-supporting-change,2018-08-23 13:29:04,false
506,13,Web API: The Good Parts,web-api-good-parts,2016-10-18 13:35:00,false
507,25,アジャイルサムライ,agile-samurai,2020-09-12 13:37:38,false
508,25,SCRUM BOOT CAMP THE BOOK【増補改訂版】 スクラムチームではじめるアジャイル開発,scrum-boot-camp-agile-development,2020-09-07 13:40:00,false
509,2,入門 React ―コンポーネントベースのWebフロントエンド開発,introduction-react-component-based-development,2016-08-04 13:42:28,false
510,26,アジャイルメトリクス,agile-metrics,2022-11-23 06:45:18,false
511,28,Webフロントエンド ハイパフォーマンス チューニング,web-frontend-performance-tuning,2019-05-29 06:47:39,false
512,27,ソフトウェアテストをカイゼンする50のアイデア,software-testing-improvement-ideas,2022-11-22 06:49:29,false
513,19,エンジニアの知的生産術 ──効率的に学び、整理し、アウトプットする,engineer-productive-learning,2019-05-14 06:53:17,false
514,2,リーダブルコード ―より良いコードを書くためのシンプルで実践的なテクニック,readable-code-techniques,2016-06-15 06:56:22,false
515,2,マスタリングTCP/IP―入門編―(第6版),mastering-tcp-ip-introduction,2024-05-13 11:18:42,false
516,12,アルゴリズム図鑑 増補改訂版 絵で見てわかる33のアルゴリズム,algorithm-illustrated-guide,2021-05-16 02:35:09,false
517,2,Rubyのシンボルについて,ruby-symbols,2024-05-14 13:52:39,false
518,2,Rubyのブロック構文について,ruby-block-syntax,2024-05-15 03:08:23,false
519,2,RubyのProcとlamdaについて,ruby-proc-lambda,2024-05-15 04:34:57,false
520,2,Rubyの特異クラス・特異メソッドについて,ruby-singleton-class-methods,2024-05-15 05:17:01,false
521,2,RubyのModuleについて,ruby-modules,2024-05-15 05:58:10,false
522,2,Rubyを学ぶ,learning-ruby,2024-05-16 05:21:41,false
523,2,プログラミング脳をこれから鍛える本,programming-brain-training,2023-06-24 06:32:27,false
524,3,GCPの教科書,gcp-textbook,2021-07-27 06:34:26,false
525,3,GCPの教科書II 【コンテナ開発編】 KubernetesとGKE、Cloud Run、サービスメッシュを詳解,gcp-textbook-container-development,2021-07-27 06:34:26,false
526,3,AWSコンテナ設計・構築[本格]入門,aws-container-design-introduction,2021-10-16 06:43:17,false
527,19,ゼロからわかるファイナンス思考 働く人と会社の成長戦略,finance-thinking-from-zero,2022-04-27 06:48:25,false
528,19,ライト、ついてますか　問題発見の人間学,problem-discovery-human-science,2023-05-19 06:54:23,false
529,24,ユニコーン企業のひみつ ―Spotifyで学んだソフトウェアづくりと働き方,unicorn-company-secrets,2023-05-19 07:01:53,false
530,2,Goならわかるシステムプログラミング,go-system-programming,2018-11-30 07:06:19,false
531,19,ロジカル・シンキング,logical-thinking,2015-05-19 07:16:47,false
532,19,グロービスMBAクリティカル・シンキング ,globis-mba-critical-thinking,2015-05-19 07:20:19,false
533,13,ソフトウェアアーキテクトが知るべき97のこと,software-architect-97-things,2019-01-26 07:25:06,false
539,13,ソフトウェア設計のトレードオフと誤り ―プログラミングの際により良い選択をするには,software-design-tradeoffs-errors,2024-05-20 00:59:44,false
540,27,単体テストの考え方／使い方,unit-testing-concepts-usage,2024-05-21 08:03:31,false
541,13,権限管理の設計について調べてみた,permission-management-design,2024-05-22 12:00:13,false
542,13,間違いだらけのソフトウェア・アーキテクチャ―非機能要件の開発と評価,software-architecture-mistakes,2024-05-24 05:20:23,false
543,13,セキュアで信頼性のあるシステム構築 ―Google SREが考える安全なシステムの設計、実装、保守,secure-reliable-system-design-google-sre,2024-05-24 11:45:59,false
544,7,Bitemporal Data Modelについて,bitemporal-data-model,2024-05-27 12:57:37,false
545,13,モノリスからマイクロサービスへ ―モノリスを進化させる実践移行ガイド,monolith-to-microservices-migration-guide,2024-05-29 00:09:03,false
546,2,GoReleaserを使ってDocker Imageをbuild&pushする,goreleaser-docker-image-build-push,2024-05-29 03:05:32,false
547,13,マイクロサービスアーキテクチャ 第2版,microservices-architecture-second-edition,2024-06-16 11:26:47,false
548,13,大規模データ管理 ―エンタープライズアーキテクチャのベストプラクティス,large-scale-data-management-best-practices,2024-06-30 12:18:00,false
549,20,健康のために行っている習慣について,healthy-habits,2024-06-30 15:33:49,false
550,21,集合について,set-theory,2024-07-06 23:13:09,false
551,27,Web APIテスト技法,web-api-testing-techniques,2024-07-08 11:27:25,false
552,27,Jestのスナップショットテストのデメリット,jest-snapshot-testing-drawbacks,2024-07-18 14:13:18,false
553,26,SLO サービスレベル目標 ―SLI、SLO、エラーバジェット導入の実践ガイド,slo-service-level-objectives-guide,2024-07-20 12:53:27,false
554,2,TypeScriptの基本を学び直す,typescript-basics-review,2024-07-20 13:07:36,false
555,27,契約テストとPactについて,contract-testing-pact,2024-07-21 04:49:31,false
556,26,SLOを始めるためのスタートガイド,slo-start-guide,2024-07-23 14:03:37,false
557,13,Web APIの設計,web-api-design,2024-07-28 13:46:35,false
558,20,ヘルシープログラマ ―プログラミングを楽しく続けるための健康Hack,healthy-programmer-hacks,2024-07-29 12:40:58,false
559,8,New Relic実践入門 第2版 オブザーバビリティの基礎と実現,new-relic-observability-introduction,2024-08-10 04:24:03,false
560,19,良い戦略、悪い戦略,good-strategy-bad-strategy,2024-08-12 10:50:17,false
561,26,クリティカルユーザージャーニーとは,critical-user-journey,2024-08-15 13:48:14,false
562,13,C4モデルとは,c4-model,2024-08-15 14:31:33,false
563,13,負荷試験を始めるためのスターティングガイド,load-testing-start-guide,2024-08-24 12:47:35,false
567,13,APIデザイン・パターン,api-design-patterns,2024-08-26 00:24:17,false
568,2,API設計について学べる本,books-on-api-design,2024-08-26 00:39:33,false
569,2,Ruby on Railsのコードリーディング第1回-Railsの起動,ruby-on-rails-code-reading-1,2024-09-02 13:49:48,false
570,2,Ruby on Railsのコードリーディング第2回-Railsのリクエスト処理,ruby-on-rails-code-reading-2,2024-09-02 14:36:46,false
571,2,Ruby on Railsのコードリーディング第3回-WelcomeControllerの呼び出し,ruby-on-rails-code-reading-3,2024-09-04 14:18:47,false
572,13,セキュア・バイ・デザイン: 安全なソフトウェア設計,secure-by-design-software,2024-09-07 06:21:58,false
573,13,権限管理基盤についての事例,permission-management-case-study,2024-09-08 13:15:11,false
578,3,PostgreSQLとPgCatをローカルで素振りできる環境を作った,postgresql-pgcat-local-environment,2024-09-15 09:17:13,false
579,2,Sidekiqのコードリーディング,sidekiq-code-reading,2024-09-21 11:56:21,false
580,2,カーソルページネーションとオフセットページネーションについて,cursor-pagination-offset-pagination,2024-10-08 14:18:21,false
581,2,RSpecのコードリーディング,rspec-code-reading,2024-10-20 09:18:23,false
582,2,irbのコードリーディング,irb-code-reading,2024-10-20 13:04:17,false
583,2,relineのコードリーディング,reline-code-reading,2024-10-20 14:17:01,false
584,2,Ruby コードレシピ集,ruby-code-recipes,2024-10-20 14:45:35,false
585,2,punditのコードリーディング,pundit-code-reading,2024-10-22 13:55:09,false
586,7,分散SQLクエリエンジンTrino徹底ガイド ,trino-sql-query-engine-guide,2024-10-24 12:39:57,false
587,2,研鑽Rubyプログラミング 実践的なコードのための原則とトレードオフ,ruby-programming-principles-tradeoffs,2024-10-28 13:36:17,false
588,13,信頼性のパターンについて,reliability-patterns,2024-10-30 13:14:28,false
589,13,マスタリングAPIアーキテクチャ ―モノリシックからマイクロサービスへとアーキテクチャを進化させるための実践的手法,mastering-api-architecture,2024-11-01 14:27:55,false
590,19,いかにして問題をとくか,solving-problems,2024-11-04 14:21:40,false
594,13,freee 技術の本 freeeにおけるマルチプロダクト開発,freee-technical-book-multi-product-development,2024-11-09 04:24:42,false
596,19,イシューからはじめよ［改訂版］――知的生産の「シンプルな本質」,start-with-issues-revised,2024-11-13 13:36:42,false
597,24,エンジニアリング組織論への招待 ~不確実性に向き合う思考と組織のリファクタリング,invitation-to-engineering-organization,2024-11-17 02:16:01,false
598,7,Cloud SQLとAlloyDBの比較,cloud-sql-alloydb-comparison,2024-11-17 14:49:12,false
599,24,チームトポロジー 価値あるソフトウェアをすばやく届ける適応型組織設計,team-topologies-adaptive-organization-design,2024-11-28 15:28:31,false
600,19,思考の整理学,organizing-thoughts,2024-12-08 13:24:59,false
601,13,ソフトウェアアーキテクトのための意思決定術　リーダーシップ／技術／プロダクトマネジメントの活用,decision-making-software-architects,2024-12-26 13:51:09,false
602,1,2024年の振り返りと来年の抱負,2024-reflections-goals,2025-01-02 14:45:42,false
603,13,Tidy First? ―個人で実践する経験主義的ソフトウェア設計,tidy-first-experiential-software-design,2025-01-06 14:10:45,false
604,2,メタプログラミングRuby 第2版,metaprogramming-ruby-2nd-edition,2025-01-06 14:18:42,false
605,13,アーキテクトの教科書 価値を生むソフトウェアのアーキテクチャ構築,architects-textbook-software-architecture-design,2025-01-13 05:47:58,false
606,23,スタッフエンジニアの道 ―優れた技術専門職になるためのガイド,staff-engineer-guide,2025-01-23 14:29:32,false
607,13,ソフトウェアアーキテクチャメトリクス ―アーキテクチャ品質を改善する10のアドバイス,software-architecture-metrics,2025-01-25 05:52:23,false
608,22,絵で見てわかるLinuxカーネルの仕組み,linux-kernel-explained,2025-01-31 05:02:57,false
609,2,Rubyのインスタンス変数とクラス変数とクラスインスタンス変数の違い,ruby-instance-class-variables,2025-01-31 06:50:02,false
610,2,Rubyにおけるシングルトンパターンの実装方法,ruby-singleton-pattern-implementation,2025-01-31 07:15:23,false
612,13,GraphQL federationについて,graphql-federation-introduction,2025-02-02 12:29:53,false
613,23,生成AIとソフトウェアエンジニアのキャリア,generative-ai-software-engineer-career,2025-02-12 03:03:31,false
614,19,本を読む本,book-reading-guide,2025-02-15 01:46:49,false
615,7,実践Redis入門 技術の仕組みから現場の活用まで,redis-practical-introduction,2025-02-15 01:47:40,false
616,2,脳に収まるコードの書き方 ―複雑さを避け持続可能にするための経験則とテクニック,writing-sustainable-code,2025-02-15 01:53:32,false
617,13,アーキテクチャ戦略について考える,architecture-strategy-discussion,2025-02-16 00:26:33,false
618,13,大規模モノリスをどう分割するか？ - ソフトウェアアーキテクチャ・ハードパーツに学ぶ,splitting-large-monoliths,2025-02-17 12:54:38,false
619,25,クネビンフレームワークを活用したストーリーポイントの考え方,story-points-using-cynefin-framework,2025-02-26 13:44:09,false
620,7,Nontemporarl・Unitemporal・Bitemporalの特徴と設計,nontemporarl-unitemporal-bitemporal-design,2025-02-27 00:37:30,false
621,12,オープンアドレスハッシュテーブルとスイステーブル,open-address-hash-table-swizzle-table,2025-02-27 02:50:54,false
622,2,FuelPHPの2025年2月現在の現況 by 生成AI,fuelphp-status-february-2025,2025-02-27 02:57:01,false
623,7,PostgreSQLにおけるCOLLATE（照合順序）について,postgresql-collate-explained,2025-03-05 13:18:03,false
624,7,PostgreSQLのCOLLATEとglibcのバージョン差によるソート順の違い,postgresql-collate-glibc-version-differences,2025-03-05 13:38:00,false
625,7,PostgreSQL インストール時の 'configure' エラーに関するトラブルシューティング,postgresql-install-configure-error-troubleshooting,2025-03-07 00:30:10,false
626,26,実務で役立つ バックアップの教科書 基本の考え方からツール活用・差分管理・世代管理・データ保全・リストア・リカバリー・可用性の確保まで,backup-guide-tools-techniques-recovery-availability,2025-03-08 13:05:42,false
627,13,要件最適アーキテクチャ戦略,architecture-strategy-requirements,2025-03-08 13:24:27,false
628,13,OPAを使用したマイクロサービスのアクセス制御システムの実装,microservices-access-control-opa,2025-03-20 12:51:12,false
629,13,マルチテナントSaaSアーキテクチャの構築 ―原則、ベストプラクティス、AWSアーキテクチャパターン,building-multitenant-saas-architecture,2025-04-20 13:47:45,false
630,13,開発者とアーキテクトのためのコミュニケーションガイド ―パターンで学ぶ情報伝達術,communication-guide-developers-architects,2025-05-10 14:42:29,false
631,2,Open Policy Agentについて,about-open-policy-agent,2025-05-13 05:22:57,false
632,13,境界付けられたコンテキストとは,bounded-context-explanation,2025-05-19 06:27:46,false
633,13,自分的システムの仕様書の構成,system-specification-structure,2025-05-19 07:30:27,false
634,7,PostgreSQLのRow Level Security（RLS）について,postgresql-row-level-security,2025-05-23 03:20:51,false
635,7,PostgreSQL 論理レプリケーションの仕様まとめ,postgresql-logical-replication-summary,2025-05-23 11:18:42,false
636,13,アーキテクチャドキュメントを書くときに気をつけること,writing-architecture-documentation,2025-05-25 00:45:57,false
637,2,資産推移シミュレーターを作った,asset-transition-simulator,2025-05-25 01:13:12,false
638,13,クラウドネイティブ・アーキテクチャ 可用性と費用対効果を極める次世代設計の原則,cloud-native-architecture-principles,2025-06-06 23:25:22,false
639,13,スケーラビリティを計測する,measuring-scalability,2025-06-08 13:47:08,false
640,13,設計の賞味期限を考える,design-shelf-life-considerations,2025-06-08 14:54:36,false
642,2,OPAにおけるページネーションへの影響と解決策に関する検討,pagination-impact-solutions-opa,2025-06-14 00:14:37,false
643,7,PostgreSQLのメモリ設定,postgresql-memory-settings,2025-06-14 02:50:04,false
644,2,Goの並行・並列処理モデルとgoroutineスケジューリング,go-concurrency-parallelism-models,2025-06-14 07:41:33,false
645,2,RubyとRailsのIO・CPU特性について,ruby-rails-io-cpu-characteristics,2025-06-14 09:29:45,false
646,2,Go製Git操作ツール「ggc」の紹介,introducing-go-git-tool-ggc,2025-06-15 00:38:14,false
647,13,OPAを利用したアクセス制御のパターン,access-control-patterns-using-opa,2025-06-22 00:13:58,false
648,13,凝集度と結合度,cohesion-coupling,2025-06-25 15:29:03,false
649,3,Load Averageとは何か？,what-is-load-average,2025-07-07 13:32:46,false
650,13,システムアーキテクチャ構築の原理~ITアーキテクトが持つべき3つの思考,principles-of-system-architecture,2025-07-07 13:46:38,false
651,13,アーキテクチャ・アーキテクト・アーキテクティングについて,architecture-architecting,2025-07-14 13:42:04,false
657,23,Markdownで履歴書・職務経歴書を管理するテンプレートを作成した,markdown-resume-template,2025-07-16 09:27:12,false
658,2,x／termで作るTUIアプリケーション開発,tui-application-development,2025-07-16 10:38:04,false
659,13,システムアーキテクチャ構築の実践手法,practical-system-architecture,2025-07-17 09:19:52,false
660,25,選択と集中を促す振り返りフレームワーク「bmf」,reflection-framework-bmf,2025-07-23 04:43:55,false
661,2,Rego入門,introduction-to-rego,2025-07-31 12:04:44,false
662,13,CAP定理とPACELC定理について,cap-theorem-pacelc-theorem,2025-08-02 14:26:01,false
663,13,Webアプリケーションの処理モデルについて,web-application-processing-model,2025-08-02 14:46:20,false
664,13,ACIDとBASEについて,acid-vs-base,2025-08-02 15:02:20,false
665,13,キャッシュ戦略の基本的なパターンについて,cache-strategy-patterns,2025-08-03 00:31:21,false
666,13,技術的な意思決定において制約やトレードオフを明示することの重要性,importance-of-constraints-tradeoffs,2025-08-05 13:42:32,false
667,24,カモメになったペンギン,penguin-becoming-seagull,2025-08-09 02:03:13,false
668,2,Prologへの入門,introduction-to-prolog,2025-08-09 02:07:53,false
670,2,Goでプロセス・goroutine・メモリを覗いてみた,exploring-go-process-goroutine-memory,2025-08-09 13:31:16,false
671,25,specリポジトリを作った,created-spec-repository,2025-08-11 02:34:10,false
672,13,データモデリングでドメインを駆動する──分散／疎結合な基幹系システムに向けて,domain-driven-data-modeling,2025-08-11 09:22:53,false
674,13,アーキテクチャアドバイスプロセス（AAP）とは何か？,what-is-architecture-advice-process,2025-08-16 08:35:35,false
675,2,なっとく！関数型プログラミング,functional-programming-introduction,2025-08-31 10:48:12,false
676,13,セッションベースとトークンベースの認証方式について,session-token-authentication,2025-09-17 16:09:36,false
677,2,ストリートコーダー,street-coder,2025-09-20 10:49:56,false
678,13,システム設計面接の傾向と対策,system-design-interview-tips,2025-09-29 13:45:09,false
679,2,TUI開発で役立つターミナル仕様の理解,terminal-specifications-for-tui-development,2025-10-18 05:09:50,false
683,2,Singletonパターンはなぜアンチパターンなのか,singleton-pattern-anti-pattern,2025-10-18 06:09:40,false
684,2,なぜインターフェースの方が実装より変更頻度が低いのか,interface-change-frequency,2025-10-18 12:14:16,false
685,27,テストダブルとは何か,test-doubles-explained,2025-10-18 12:25:52,false
686,2,継承より委譲について,delegation-over-inheritance,2025-10-20 02:17:28,false
687,2,初めてのGo言語 第2版 ―他言語プログラマーのためのイディオマティックGo実践ガイド,idiomatic-go-practice-guide,2025-10-26 00:24:20,false
688,13,クリーンコードクックブック ―コードの設計と品質を改善するためのレシピ集,clean-code-cookbook,2025-10-26 00:30:19,false
689,2,AIを使ったコードリーディングの手順について,ai-code-reading-techniques,2025-11-02 03:07:52,false
690,13,プラットフォーム・エンジニアリングとは何か,platform-engineering-explained,2025-12-26 00:55:51,false
691,19,具体と抽象 ―世界が変わって見える知性のしくみ,concrete-abstract-intelligence,2025-12-29 01:57:36,false
692,19,目的ドリブンの思考法,purpose-driven-thinking,2025-12-29 02:07:55,false
693,19,問いのデザイン: 創造的対話のファシリテーション,designing-questions-facilitation,2025-12-29 02:20:02,false
694,13,ソフトウェア設計の結合バランス　持続可能な成長を支えるモジュール化の原則,software-design-modularity-principles,2025-12-29 02:33:10,false
695,1,2025年の振り返りと抱負,reflections-and-resolutions-2025,2025-12-29 03:14:34,false
696,13,Web配信の技術―HTTPキャッシュ・リバースプロキシ・CDNを活用する,web-streaming-technology,2026-01-05 01:04:00,false
697,24,ソフトウェア開発チームがMVVを定めるべき理由,mvv-importance-software-teams,2026-01-07 08:58:28,false
698,24,チームトポロジーとは何か,team-topologies-introduction,2026-01-09 05:29:57,false
699,13,要件と制約の違い,requirements-vs-constraints,2026-01-09 07:01:33,false
700,13,ADRを書くときに抑えておくべきポイント,adr-writing-key-points,2026-01-09 07:56:47,false
701,13,OAuth 2.0 仕様まとめ,oauth-2-0-spec-summary,2026-01-23 07:35:41,false
702,13,OpenID Connect 1.0 仕様まとめ,openid-connect-1-0-spec-summary,2026-01-23 07:47:26,false
703,13,SAML 2.0 仕様まとめ,saml-2-0-spec-summary,2026-01-23 08:06:59,false
704,13,アーキテクチャ戦略・戦術・設計の書き分け,architecture-strategy-tactics-design,2026-02-05 09:29:54,false
705,13,良いアーキテクチャ戦略・悪いアーキテクチャ戦略,good-bad-architecture-strategies,2026-02-05 09:30:49,false
706,13,なぜ・いつアーキテクチャ戦略を書くべきか,when-why-write-architecture-strategy,2026-02-05 09:31:34,false
707,23,キャリアポートフォリオ作成ガイド,career-portfolio-creation-guide,2026-02-18 06:37:50,false
708,24,エンジニアリングマネージャーのしごと―チームが必要とするマネージャーになる方法,engineering-manager-role-guide,2026-02-20 11:12:07,false
709,13,デジタルアイデンティティのすべて―安全かつユーザー中心のアイデンティティシステムを実現するための知識,digital-identity-overview,2026-02-20 11:12:47,false
710,24,エンジニアリング統括責任者の手引き―組織を成功に導く技術リーダーシップ,engineering-cto-leadership-guide,2026-02-20 11:13:41,false
711,13,はじめてのデジタルアイデンティティ―Webサービスに欠かせない認証・認可・ID管理,introduction-digital-identity,2026-02-20 11:14:14,false
712,24,エンジニアリングチームのリード術―Googleに学ぶインディビジュアルコントリビューターとマネージャーのための実践ガイド,engineering-team-leadership-guide,2026-02-20 11:15:07,false
713,26,実務で役立つ ログの教科書 基礎知識から収集方法・分析手法・トラブルシューティング・パフォーマンス最適化・機械学習での活用まで,practical-logging-textbook,2026-02-20 11:16:27,false
717,24,リーダーの作法―ささいなことをていねいに,leader-etiquette,2026-02-20 11:18:04,false
718,24,ダイナミックリチーミング 第2版―5つのパターンによる効果的なチーム編成,dynamic-re-teaming-second-edition,2026-02-20 11:18:44,false
719,24,組織を変える5つの対話―対話を通じてアジャイルな組織文化を創る,five-dialogues-for-organizational-change,2026-02-20 11:19:19,false
720,13,ドメイン駆動設計をはじめよう―ソフトウェアの実装と事業戦略を結びつける実践技法,getting-started-domain-driven-design,2026-02-20 11:19:54,false
721,24,CTOの思考法　技術と組織を動かす意思決定・戦略・リーダーシップ,cto-thinking-strategy-leadership,2026-02-21 10:44:11,false
722,13,GitHub Agentic Workflowを使ったLLMプロンプト管理・評価基盤,github-agentic-workflow-llm-prompt-management,2026-02-25 14:05:10,false
723,13,AI時代のエンジニアリング：プロンプトから自律型システムへの進化,engineering-in-ai-evolution-to-autonomous-systems,2026-02-25 14:43:46,false
724,13,AI時代のエンジニアリングについて考える,engineering-in-ai-reflections,2026-02-25 15:18:35,false
